,zeros,poles
0,(0.001822+0.000544j),
1,(-0.000514+0.00304j),
2,(-0.002146+0.002144j),
3,(-0.001666-0.000544j),
4,0j,
