,zeros,poles
0,(0.6081999816894531+0.312j),(-0.5278000183105469+0.392j)
1,,(0.6001999816894531-0.328j)
