,zeros,poles
0,(0.17569998168945314+0.104j),
1,(-0.35230001831054686+0.448j),
2,(-0.3123000183105469-0.072j),
3,(0.5516999816894531-0.248j),
4,(0.5596999816894531+0.184j),
5,(0.2556999816894531+0.48j),
6,(-0.12830001831054688+0.56j),
7,(-0.000300018310546875+0.08j),
8,(0.05569998168945312-0.384j),
