,zeros,poles
0,(-0.9265000305175781+0.012250030517578125j),
1,(-0.9185000305175781-0.027749969482421876j),
2,(-0.9025000305175781+0.03625003051757812j),
3,(-0.8305000305175781-0.18774996948242187j),
4,(-0.8465000305175782+0.22025003051757813j),
5,(-0.8865000305175781-0.17974996948242186j),
6,(-0.7505000305175781-0.21974996948242187j),
7,(-0.8865000305175781-0.06774996948242187j),
8,(-0.6465000305175781-0.45174996948242185j),
