,zeros,poles
0,(0.4956999816894531+0.24160003662109375j),
