,zeros,poles
0,(0.39969998168945314+0.39679998779296877j),(-0.07230001831054687+0.19679998779296876j)
1,(0.39969998168945314+0.39679998779296877j),
