,zeros,poles
0,(-0.9443000183105469-0.016j),(0.9036999816894531+0.096j)
