,zeros,poles
0,(-0.9763000183105469+0j),(0.9516999816894531+0.048j)
