,zeros,poles
0,(0.13569998168945313+0.608j),(0.3756999816894531-0.176j)
1,(-0.20030001831054686+0.464j),(-0.42430001831054687+0.08j)
