,zeros,poles
0,(0.2956999816894531+0.408j),(-0.7043000183105469+0.16j)
