,zeros,poles
0,(0.26369998168945313+0.424j),(-0.34430001831054685+0.208j)
