,zeros,poles
0,(-0.3794000244140625+0.544j),(-0.5634000244140625+0.016j)
1,(0.6445999755859375+0.12j),(0.6845999755859375+0.496j)
2,(0.33569998168945314-0.088j),(0.2076999816894531+0.584j)
3,,(0.11169998168945312-0.464j)
