,zeros,poles
0,(0.3036999816894531+0.464j),(-0.30430001831054687+0.296j)
