,zeros,poles
0,(-0.34430001831054685+0.544j),(-0.5283000183105468+0.016j)
1,(0.6796999816894531+0.12j),(0.7196999816894531+0.496j)
