,zeros,poles
0,(0.5836999816894531+0.2847999877929687j),(0.6956999816894531-0.37120001220703125j)
1,(-0.29630001831054686-0.38720001220703126j),
2,(-0.2643000183105469+0.5727999877929687j),
