,zeros,poles
0,(-0.9443000183105469-0.016j),(0.38369998168945313+0.072j)
1,(-0.3363000183105469+0.016j),(-0.21630001831054688+0.808j)
2,(0.7996999816894531+0j),
