,zeros,poles
0,(0.2396999816894531-0.112j),
1,(0.22369998168945313+0.336j),
