,zeros,poles
0,,(0.12769998168945312+0.29279998779296873j)
