,zeros,poles
0,(0.39969998168945314+0.39679998779296877j),
1,(0.39969998168945314+0.39679998779296877j),
