,zeros,poles
0,(0.22369998168945313+0.18079998779296874j),
1,(-0.4643000183105469+0.19679998779296876j),
2,(-0.6163000183105469-0.03520001220703125j),
