,zeros,poles
0,(-0.3136000061035156+0.504j),(-0.9376000061035156+0.072j)
1,(0.4463999938964844-0.304j),(0.4543999938964844+0.464j)
