,zeros,poles
0,(0.06369998168945312+0.048j),
1,(-0.3683000183105469+0.368j),
