,zeros,poles
0,,(0.10369998168945313+0.24160003662109375j)
