,zeros,poles
0,(0.33569998168945314+0.496j),
1,(-0.4563000183105469-0.36j),
2,(-0.2723000183105469+0.912j),
3,(0.6236999816894532-0.528j),
