,zeros,poles
0,,(0.015699981689453125-0.00320001220703125j)
