,in,out
0,62.0,120.57800109863283
1,64.0,239.3546684217141
2,77.0,367.45668848397514
3,199.0,624.1328976600115
4,201.0,989.7244860969262
5,179.0,
6,60.0,
