,zeros,poles
0,(-0.6243000183105468-0.35520001220703123j),(-0.6243000183105468+0.6047999877929687j)
1,(0.40769998168945315-0.4032000122070313j),(0.32769998168945313+0.31679998779296875j)
2,(-0.2723000183105469-0.20320001220703124j),(-0.16830001831054686+0.38079998779296875j)
3,(0.21569998168945312-0.22720001220703126j),
