,zeros,poles
0,(0.4156999816894531+0.27679998779296877j),
