,zeros,poles
0,(-0.20830001831054687-0.06720001220703126j),
1,(0.5836999816894531-0.19520001220703126j),
