,zeros,poles
0,(0.006399993896484375-0.008j),
1,(0.4623999938964844+0.4j),
