,zeros,poles
0,,(1.0063999938964843-0.032j)
1,,(0.9743999938964844+0.016j)
