,zeros,poles
0,(0.29749996948242186-5.48197265625j),(0.29749996948242186-5.48197265625j)
1,(0.28949996948242185-6.04997265625j),(0.28949996948242185-6.04997265625j)
