,zeros,poles
0,(-0.48830001831054687-0.488j),(0.5276999816894531+0.352j)
