,zeros,poles
0,(0.39969998168945314+0.336j),(-0.12830001831054688-0.352j)
