,zeros,poles
0,(0.04769998168945312+0.048j),(0.44769998168945313+0.464j)
1,(0.3196999816894531-0.696j),
2,(-0.04830001831054687-0.416j),
