,zeros,poles
0,(0.9374999694824219+0.00780560302734375j),
1,(0.5134999694824218+0.3758056030273437j),
2,(0.4494999694824219-0.23219439697265626j),
3,(0.2574999694824219+0.13580560302734376j),
