,zeros,poles
0,(-0.004033200073242187-4.4800048828125e-05j),
1,0j,
