,zeros,poles
0,(0.34369998168945315+0.232j),(-0.2723000183105469+0.336j)
1,(0.34369998168945315+0.232j),(-0.2723000183105469+0.336j)
